Fecha,IA_Top5,IA_Top10,SP500,VIX,GS10,Ticker,Probabilidad,Sector
2023-01-31,1.0,1.0,1.0585962353229617,19.399999618530277,3.5290000438690186,"APH, GOOGL, ACN, APTV, ALLE, AMP, AMD, ALL, MMM, APO",0.85,Mix (Tecnología/Finanzas)
2023-02-28,0.9922823063233527,0.9977571879918234,1.02984022806687,20.700000762939453,3.9159998893737793,"APH, GOOGL, ACN, APTV, ALLE, AMP, AMD, ALL, MMM, APO",0.85,Mix (Tecnología/Finanzas)
2023-03-31,1.0379932195374117,1.0437203095131453,1.032326317903499,18.700000762939453,3.49399995803833,"APH, GOOGL, ACN, APTV, ALLE, AMP, AMD, ALL, MMM, APO",0.85,Mix (Tecnología/Finanzas)
2023-04-30,1.028090084780334,1.068908662586846,1.0560828362518413,15.779999732971191,3.45199990272522,"APH, GOOGL, ACN, APTV, ALLE, AMP, AMD, ALL, MMM, APO",0.85,Mix (Tecnología/Finanzas)
2023-05-31,0.9459087591006253,0.9834644663803621,1.0206809444901834,17.940000534057617,3.63700008392334,"APH, GOOGL, ACN, APTV, ALLE, AMP, AMD, ALL, MMM, APO",0.85,Mix (Tecnología/Finanzas)
2023-06-30,1.0042965279945302,1.0285714792379408,1.0971000236268138,13.59000015258789,3.819000005722046,"APH, GOOGL, ACN, APTV, ALLE, AMP, AMD, ALL, MMM, APO",0.85,Mix (Tecnología/Finanzas)
2023-07-31,1.0477861236220352,1.0551476617138706,1.1559420709689119,13.630000114440918,3.9590001106262207,"APH, GOOGL, ACN, APTV, ALLE, AMP, AMD, ALL, MMM, APO",0.85,Mix (Tecnología/Finanzas)
2023-08-31,1.0624932031999008,1.0690946416978928,1.1560249409781613,13.56999969482422,4.0929999351501465,"APH, GOOGL, ACN, APTV, ALLE, AMP, AMD, ALL, MMM, APO",0.85,Mix (Tecnología/Finanzas)
2023-09-30,0.9914022446920709,1.0027770623614152,1.0956087744051408,17.520000457763672,4.572999954223633,"APH, GOOGL, ACN, APTV, ALLE, AMP, AMD, ALL, MMM, APO",0.85,Mix (Tecnología/Finanzas)
2023-10-31,0.9804142173085114,0.9916629642445048,1.0691141178820172,18.13999938964844,4.875,"APH, GOOGL, ACN, APTV, ALLE, AMP, AMD, ALL, MMM, APO",0.85,Mix (Tecnología/Finanzas)
2023-11-30,1.074892739769221,1.087225482603361,1.1619166902077473,12.920000076293944,4.352000236511231,"APH, GOOGL, ACN, APTV, ALLE, AMP, AMD, ALL, MMM, APO",0.85,Mix (Tecnología/Finanzas)
2023-12-31,1.222642443885688,1.213939574351678,1.233610501033785,12.449999809265137,3.865999937057495,"APH, GOOGL, ACN, APTV, ALLE, AMP, AMD, ALL, MMM, APO",0.85,Mix (Tecnología/Finanzas)
2024-01-31,1.1449778019340913,1.1431562760165588,1.2086209347614596,14.350000381469728,3.9670000076293945,"APH, GOOGL, ACN, APTV, ALLE, AMP, AMD, ALL, MMM, APO",0.85,Mix (Tecnología/Finanzas)
2024-02-29,1.1662455271228223,1.164390166739178,1.2309824166671461,13.399999618530272,4.251999855041504,"APH, GOOGL, ACN, APTV, ALLE, AMP, AMD, ALL, MMM, APO",0.85,Mix (Tecnología/Finanzas)
2024-03-31,1.1843108211834015,1.2165456271507127,1.2864326271546267,13.010000228881836,4.205999851226807,"APH, GOOGL, ACN, APTV, ALLE, AMP, AMD, ALL, MMM, APO",0.85,Mix (Tecnología/Finanzas)
2024-04-30,1.1076681662459722,1.15771297899704,1.233037667326557,15.649999618530272,4.685999870300293,"APH, GOOGL, ACN, APTV, ALLE, AMP, AMD, ALL, MMM, APO",0.85,Mix (Tecnología/Finanzas)
2024-05-31,1.1776347240015674,1.2378966354723628,1.276965891768645,12.920000076293944,4.513999938964844,"APH, GOOGL, ACN, APTV, ALLE, AMP, AMD, ALL, MMM, APO",0.85,Mix (Tecnología/Finanzas)
2024-06-30,1.143755292466121,1.2368784522495577,1.301092625487053,12.4399995803833,4.3429999351501465,"APH, GOOGL, ACN, APTV, ALLE, AMP, AMD, ALL, MMM, APO",0.85,Mix (Tecnología/Finanzas)
2024-07-31,1.2043993301960243,1.2651502989152428,1.3661137719176573,16.360000610351562,4.109000205993652,"APH, GOOGL, ACN, APTV, ALLE, AMP, AMD, ALL, MMM, APO",0.85,Mix (Tecnología/Finanzas)
2024-08-31,1.2556065676362473,1.2786455646177945,1.417541219139347,15.0,3.91100001335144,"APH, GOOGL, ACN, APTV, ALLE, AMP, AMD, ALL, MMM, APO",0.85,Mix (Tecnología/Finanzas)
2024-09-30,1.3297042598799933,1.343052422218146,1.4540259891687812,16.729999542236328,3.802000045776367,"APH, GOOGL, ACN, APTV, ALLE, AMP, AMD, ALL, MMM, APO",0.85,Mix (Tecnología/Finanzas)
2024-10-31,1.2671979019514026,1.2431353296377345,1.424392308361,23.15999984741211,4.283999919891357,"APH, GOOGL, ACN, APTV, ALLE, AMP, AMD, ALL, MMM, APO",0.85,Mix (Tecnología/Finanzas)
2024-11-30,1.4198507583384778,1.3568317975939042,1.4760271218307408,13.510000228881836,4.177999973297119,"APH, GOOGL, ACN, APTV, ALLE, AMP, AMD, ALL, MMM, APO",0.85,Mix (Tecnología/Finanzas)
2024-12-31,1.3133954950490556,1.3139576897177299,1.4003996040831075,17.350000381469727,4.572999954223633,"APH, GOOGL, ACN, APTV, ALLE, AMP, AMD, ALL, MMM, APO",0.85,Mix (Tecnología/Finanzas)
2025-01-31,1.3376924271672461,1.3657648684325236,1.4453570908979458,16.43000030517578,4.568999767303467,"APH, GOOGL, ACN, APTV, ALLE, AMP, AMD, ALL, MMM, APO",0.85,Mix (Tecnología/Finanzas)
2025-02-28,1.377062476590642,1.4301729923444075,1.4490082386963778,19.6299991607666,4.230999946594238,"APH, GOOGL, ACN, APTV, ALLE, AMP, AMD, ALL, MMM, APO",0.85,Mix (Tecnología/Finanzas)
2025-03-31,1.3530660754260997,1.377912889977906,1.4069803346102425,22.280000686645508,4.245999813079834,"APH, GOOGL, ACN, APTV, ALLE, AMP, AMD, ALL, MMM, APO",0.85,Mix (Tecnología/Finanzas)
2025-04-30,1.375717389204397,1.4151729134035913,1.36448771591379,24.700000762939453,4.177000045776367,"APH, GOOGL, ACN, APTV, ALLE, AMP, AMD, ALL, MMM, APO",0.85,Mix (Tecnología/Finanzas)
2025-05-31,1.4749982389234335,1.491044023643919,1.414737184441838,18.56999969482422,4.415999889373779,"APH, GOOGL, ACN, APTV, ALLE, AMP, AMD, ALL, MMM, APO",0.85,Mix (Tecnología/Finanzas)
2025-06-30,1.5419193682782206,1.5785221076579248,1.4513588702113946,16.729999542236328,4.230000019073486,"APH, GOOGL, ACN, APTV, ALLE, AMP, AMD, ALL, MMM, APO",0.85,Mix (Tecnología/Finanzas)
2025-07-31,1.4517766398157392,1.5479333165113132,1.4448195915540105,16.719999313354492,4.360000133514404,"APH, GOOGL, ACN, APTV, ALLE, AMP, AMD, ALL, MMM, APO",0.85,Mix (Tecnología/Finanzas)
2025-08-31,1.5593983681859995,1.631483110756052,1.5183088934052036,15.359999656677246,4.227000236511231,"APH, GOOGL, ACN, APTV, ALLE, AMP, AMD, ALL, MMM, APO",0.85,Mix (Tecnología/Finanzas)
2025-09-30,1.500979724805885,1.619318475649258,1.516257481427978,16.280000686645508,4.1479997634887695,"APH, GOOGL, ACN, APTV, ALLE, AMP, AMD, ALL, MMM, APO",0.85,Mix (Tecnología/Finanzas)
2025-10-31,1.5442350594547576,1.700421610127553,1.4990719446157512,17.440000534057617,4.10099983215332,"APH, GOOGL, ACN, APTV, ALLE, AMP, AMD, ALL, MMM, APO",0.85,Mix (Tecnología/Finanzas)
