Date,ticker,target,prediccion,prob_compra
2023-01-31,A,0,0,0.38500518
2023-01-31,AAPL,2,2,0.51600623
2023-01-31,ABBV,2,0,0.40322182
2023-01-31,ABT,0,0,0.4180894
2023-01-31,ACGL,2,2,0.45141417
2023-01-31,ACN,0,0,0.4019694
2023-01-31,ADBE,0,2,0.45948505
2023-01-31,ADI,2,0,0.39916998
2023-01-31,ADM,1,0,0.4168515
2023-01-31,ADP,1,0,0.41217288
2023-01-31,AEE,0,0,0.42259377
2023-01-31,AES,0,0,0.38018337
2023-01-31,AFL,0,0,0.3789212
2023-01-31,AIG,0,0,0.40127215
2023-01-31,AKAM,0,0,0.40249386
2023-01-31,ALB,0,2,0.5422222
2023-01-31,ALGN,2,2,0.5507925
2023-01-31,ALL,2,0,0.41301224
2023-01-31,ALLE,0,0,0.3682464
2023-01-31,AMCR,0,0,0.39423835
2023-01-31,AMD,2,2,0.5028111
2023-01-31,AME,1,0,0.38031867
2023-01-31,AMGN,0,0,0.4137857
2023-01-31,AMP,1,0,0.41671023
2023-01-31,AMT,0,0,0.42074248
2023-01-31,AMZN,0,2,0.5419652
2023-01-31,AON,0,0,0.42002958
2023-01-31,AOS,2,2,0.46603477
2023-01-31,APA,0,0,0.4051291
2023-01-31,APD,0,2,0.47174105
2023-01-31,APH,1,0,0.3890193
2023-01-31,APO,2,2,0.45917434
2023-01-31,APTV,2,2,0.52460533
2023-01-31,ARE,0,0,0.40333164
2023-01-31,AVB,0,2,0.46639964
2023-01-31,AXON,2,2,0.5682885
2023-01-31,AXP,2,2,0.5163855
2023-01-31,AZO,2,2,0.5388001
2023-01-31,BA,1,2,0.5413421
2023-01-31,BAX,0,0,0.41890946
2023-01-31,BBY,0,0,0.3538504
2023-01-31,BF-B,2,0,0.40161088
2023-01-31,BG,2,0,0.4031334
2023-01-31,BKNG,2,2,0.5135711
2023-01-31,BKR,2,0,0.39580527
2023-01-31,GOOGL,0,2,0.52558047
2023-01-31,LNT,0,0,0.40751383
2023-01-31,MMM,1,0,0.41547185
2023-01-31,MO,2,0,0.40743878
2023-01-31,T,0,2,0.43088752
2023-02-28,A,0,0,0.41409028
2023-02-28,AAPL,2,0,0.4193773
2023-02-28,ABBV,2,2,0.47612688
2023-02-28,ABT,0,0,0.42207152
2023-02-28,ACGL,0,0,0.4328427
2023-02-28,ACN,2,0,0.4150423
2023-02-28,ADBE,2,0,0.40601295
2023-02-28,ADI,2,0,0.39378035
2023-02-28,ADM,0,0,0.40513545
2023-02-28,ADP,1,0,0.3970131
2023-02-28,AEE,2,0,0.40811872
2023-02-28,AES,0,0,0.4145935
2023-02-28,AFL,0,0,0.41147098
2023-02-28,AIG,0,0,0.40020993
2023-02-28,AKAM,2,2,0.45899323
2023-02-28,ALB,0,0,0.41741398
2023-02-28,ALGN,0,2,0.55350965
2023-02-28,ALL,0,0,0.4150348
2023-02-28,ALLE,0,0,0.41513652
2023-02-28,AMCR,0,0,0.4000712
2023-02-28,AMD,2,0,0.41427943
2023-02-28,AME,1,0,0.41442794
2023-02-28,AMGN,2,0,0.4092737
2023-02-28,AMP,0,0,0.3989915
2023-02-28,AMT,0,0,0.4127963
2023-02-28,AMZN,2,0,0.41397643
2023-02-28,AON,2,0,0.4094084
2023-02-28,AOS,2,0,0.39488816
2023-02-28,APA,0,0,0.4200134
2023-02-28,APD,0,2,0.44253945
2023-02-28,APH,2,0,0.41775006
2023-02-28,APO,0,0,0.41060898
2023-02-28,APTV,0,0,0.3932284
2023-02-28,ARE,0,0,0.4075456
2023-02-28,AVB,0,0,0.42345682
2023-02-28,AXON,2,2,0.50947076
2023-02-28,AXP,0,0,0.3921719
2023-02-28,AZO,0,0,0.41047242
2023-02-28,BA,2,0,0.42284822
2023-02-28,BAX,1,0,0.4062705
2023-02-28,BBY,0,0,0.41313756
2023-02-28,BF-B,0,0,0.40281466
2023-02-28,BG,1,0,0.42054784
2023-02-28,BKNG,1,0,0.40778553
2023-02-28,BKR,0,0,0.41985494
2023-02-28,GOOGL,2,0,0.41264084
2023-02-28,LNT,2,0,0.40847984
2023-02-28,MMM,0,0,0.40573993
2023-02-28,MO,0,0,0.42072913
2023-02-28,T,1,0,0.40164784
2023-03-31,A,0,2,0.4974713
2023-03-31,AAPL,2,2,0.47623217
2023-03-31,ABBV,0,0,0.40277678
2023-03-31,ABT,2,2,0.489457
2023-03-31,ACGL,2,0,0.41856715
2023-03-31,ACN,0,2,0.47495723
2023-03-31,ADBE,0,2,0.54096586
2023-03-31,ADI,0,0,0.40784338
2023-03-31,ADM,0,2,0.43764615
2023-03-31,ADP,0,2,0.5163561
2023-03-31,AEE,2,0,0.4087269
2023-03-31,AES,0,0,0.40906948
2023-03-31,AFL,2,0,0.42618856
2023-03-31,AIG,2,2,0.4333763
2023-03-31,AKAM,1,2,0.5162411
2023-03-31,ALB,0,2,0.53512055
2023-03-31,ALGN,0,2,0.45855525
2023-03-31,ALL,2,0,0.42832035
2023-03-31,ALLE,2,0,0.42490506
2023-03-31,AMCR,0,0,0.4082186
2023-03-31,AMD,0,2,0.5071009
2023-03-31,AME,1,2,0.48345903
2023-03-31,AMGN,0,2,0.51240593
2023-03-31,AMP,0,2,0.5369533
2023-03-31,AMT,0,2,0.52198803
2023-03-31,AMZN,1,2,0.48854613
2023-03-31,AON,2,2,0.48672432
2023-03-31,AOS,2,0,0.37506014
2023-03-31,APA,0,2,0.43467543
2023-03-31,APD,2,2,0.52503794
2023-03-31,APH,0,0,0.36922795
2023-03-31,APO,0,2,0.43635198
2023-03-31,APTV,0,0,0.39656222
2023-03-31,ARE,0,2,0.52910435
2023-03-31,AVB,2,2,0.52333456
2023-03-31,AXON,0,2,0.48464704
2023-03-31,AXP,0,0,0.40154138
2023-03-31,AZO,2,2,0.5470881
2023-03-31,BA,0,2,0.45688432
2023-03-31,BAX,2,2,0.43669313
2023-03-31,BBY,0,0,0.41005507
2023-03-31,BF-B,1,0,0.40751797
2023-03-31,BG,0,0,0.4055889
2023-03-31,BKNG,2,0,0.41367653
2023-03-31,BKR,0,0,0.40604296
2023-03-31,GOOGL,2,2,0.46979386
2023-03-31,LNT,2,0,0.3978683
2023-03-31,MMM,0,0,0.4330884
2023-03-31,MO,2,0,0.4001524
2023-03-31,T,0,0,0.3942398
2023-04-30,A,0,0,0.41754168
2023-04-30,AAPL,2,0,0.37475938
2023-04-30,ABBV,0,0,0.407179
2023-04-30,ABT,0,2,0.4667654
2023-04-30,ACGL,0,2,0.4431027
2023-04-30,ACN,2,0,0.4069749
2023-04-30,ADBE,2,0,0.41755924
2023-04-30,ADI,0,0,0.40573576
2023-04-30,ADM,0,0,0.41257042
2023-04-30,ADP,0,0,0.4214258
2023-04-30,AEE,0,0,0.41968238
2023-04-30,AES,0,0,0.41727316
2023-04-30,AFL,0,0,0.38165924
2023-04-30,AIG,2,0,0.40265658
2023-04-30,AKAM,2,0,0.41944864
2023-04-30,ALB,2,0,0.41715536
2023-04-30,ALGN,0,0,0.41633987
2023-04-30,ALL,0,0,0.41719794
2023-04-30,ALLE,0,2,0.48376405
2023-04-30,AMCR,0,0,0.42462265
2023-04-30,AMD,2,0,0.3997362
2023-04-30,AME,2,0,0.41567734
2023-04-30,AMGN,0,0,0.4223177
2023-04-30,AMP,2,0,0.41992682
2023-04-30,AMT,0,0,0.4155878
2023-04-30,AMZN,2,0,0.39907515
2023-04-30,AON,0,0,0.41048136
2023-04-30,AOS,0,0,0.368533
2023-04-30,APA,0,0,0.4193422
2023-04-30,APD,0,0,0.40572226
2023-04-30,APH,1,0,0.41506505
2023-04-30,APO,2,0,0.39427343
2023-04-30,APTV,0,0,0.41561225
2023-04-30,ARE,0,2,0.48360854
2023-04-30,AVB,0,2,0.51166224
2023-04-30,AXON,0,0,0.4313454
2023-04-30,AXP,0,0,0.4266716
2023-04-30,AZO,0,2,0.4458787
2023-04-30,BA,0,0,0.3923827
2023-04-30,BAX,0,2,0.49150854
2023-04-30,BBY,0,0,0.40870726
2023-04-30,BF-B,0,0,0.40199357
2023-04-30,BG,1,0,0.42011407
2023-04-30,BKNG,0,0,0.43229255
2023-04-30,BKR,0,0,0.39225435
2023-04-30,GOOGL,2,0,0.4180305
2023-04-30,LNT,0,0,0.3981785
2023-04-30,MMM,0,0,0.3975897
2023-04-30,MO,0,0,0.3727291
2023-04-30,T,0,0,0.41266188
2023-05-31,A,0,2,0.4392792
2023-05-31,AAPL,2,0,0.35099202
2023-05-31,ABBV,0,0,0.41721633
2023-05-31,ABT,1,0,0.40418038
2023-05-31,ACGL,1,0,0.37843484
2023-05-31,ACN,0,2,0.46819752
2023-05-31,ADBE,2,2,0.4741692
2023-05-31,ADI,2,0,0.4092136
2023-05-31,ADM,1,0,0.41288024
2023-05-31,ADP,1,0,0.41303432
2023-05-31,AEE,0,0,0.41758367
2023-05-31,AES,0,2,0.45241055
2023-05-31,AFL,2,0,0.41943148
2023-05-31,AIG,2,0,0.40779266
2023-05-31,AKAM,0,2,0.50316787
2023-05-31,ALB,2,0,0.39798814
2023-05-31,ALGN,2,0,0.41347858
2023-05-31,ALL,0,0,0.40687189
2023-05-31,ALLE,2,0,0.41341087
2023-05-31,AMCR,0,2,0.4461241
2023-05-31,AMD,0,2,0.48763537
2023-05-31,AME,2,0,0.4140731
2023-05-31,AMGN,0,0,0.39910394
2023-05-31,AMP,2,2,0.53958285
2023-05-31,AMT,1,0,0.41479477
2023-05-31,AMZN,2,2,0.4721752
2023-05-31,AON,2,0,0.39971265
2023-05-31,AOS,2,0,0.4051425
2023-05-31,APA,2,0,0.39590105
2023-05-31,APD,2,0,0.40774944
2023-05-31,APH,2,0,0.40691745
2023-05-31,APO,2,0,0.40746716
2023-05-31,APTV,2,0,0.39793995
2023-05-31,ARE,0,0,0.41241175
2023-05-31,AVB,2,0,0.42094976
2023-05-31,AXON,0,0,0.40578055
2023-05-31,AXP,2,2,0.5363909
2023-05-31,AZO,0,2,0.43798828
2023-05-31,BA,0,0,0.411437
2023-05-31,BAX,2,0,0.40591478
2023-05-31,BBY,2,0,0.4118749
2023-05-31,BF-B,2,0,0.41495958
2023-05-31,BG,0,2,0.4386287
2023-05-31,BKNG,2,0,0.37772223
2023-05-31,BKR,2,0,0.39591452
2023-05-31,GOOGL,0,2,0.4690896
2023-05-31,LNT,0,0,0.40860927
2023-05-31,MMM,1,0,0.41609302
2023-05-31,MO,0,0,0.4035964
2023-05-31,T,0,0,0.39818192
2023-06-30,A,1,2,0.43841898
2023-06-30,AAPL,0,0,0.40501416
2023-06-30,ABBV,2,0,0.4040227
2023-06-30,ABT,1,2,0.42065
2023-06-30,ACGL,1,0,0.35925508
2023-06-30,ACN,2,0,0.41582376
2023-06-30,ADBE,2,2,0.56512165
2023-06-30,ADI,1,0,0.39919597
2023-06-30,ADM,2,0,0.40629137
2023-06-30,ADP,2,0,0.4257357
2023-06-30,AEE,1,0,0.3970969
2023-06-30,AES,1,0,0.40294778
2023-06-30,AFL,1,0,0.39934787
2023-06-30,AIG,2,0,0.39833972
2023-06-30,AKAM,2,0,0.4199966
2023-06-30,ALB,0,2,0.51083034
2023-06-30,ALGN,2,2,0.47169188
2023-06-30,ALL,1,0,0.40218705
2023-06-30,ALLE,0,2,0.46453962
2023-06-30,AMCR,0,0,0.39998263
2023-06-30,AMD,1,2,0.45844594
2023-06-30,AME,0,0,0.42000225
2023-06-30,AMGN,2,0,0.398938
2023-06-30,AMP,2,2,0.49218228
2023-06-30,AMT,0,2,0.48363128
2023-06-30,AMZN,0,0,0.4135443
2023-06-30,AON,0,2,0.49320093
2023-06-30,AOS,0,2,0.45544073
2023-06-30,APA,2,0,0.40176848
2023-06-30,APD,0,2,0.50158703
2023-06-30,APH,2,2,0.46617767
2023-06-30,APO,2,2,0.49738142
2023-06-30,APTV,2,2,0.49307275
2023-06-30,ARE,2,0,0.41577017
2023-06-30,AVB,0,0,0.42823076
2023-06-30,AXON,0,0,0.40087178
2023-06-30,AXP,0,0,0.4028819
2023-06-30,AZO,0,2,0.5450953
2023-06-30,BA,2,0,0.41540697
2023-06-30,BAX,0,2,0.47089118
2023-06-30,BBY,0,2,0.48419887
2023-06-30,BF-B,2,0,0.40353984
2023-06-30,BG,2,0,0.41874292
2023-06-30,BKNG,2,0,0.37220386
2023-06-30,BKR,2,2,0.47730914
2023-06-30,GOOGL,2,0,0.39029196
2023-06-30,LNT,1,0,0.4138276
2023-06-30,MMM,2,0,0.42379615
2023-06-30,MO,0,0,0.3994781
2023-06-30,T,0,0,0.40562567
2023-07-31,A,2,0,0.4236255
2023-07-31,AAPL,0,0,0.40453392
2023-07-31,ABBV,1,2,0.5285614
2023-07-31,ABT,0,0,0.39363018
2023-07-31,ACGL,1,0,0.39117953
2023-07-31,ACN,2,0,0.41077566
2023-07-31,ADBE,1,2,0.58605087
2023-07-31,ADI,0,0,0.37493604
2023-07-31,ADM,0,2,0.48431718
2023-07-31,ADP,2,2,0.5414415
2023-07-31,AEE,0,0,0.40324318
2023-07-31,AES,0,0,0.3961651
2023-07-31,AFL,2,0,0.3727296
2023-07-31,AIG,0,0,0.39790452
2023-07-31,AKAM,2,0,0.37311155
2023-07-31,ALB,0,0,0.4099165
2023-07-31,ALGN,1,0,0.40612167
2023-07-31,ALL,0,2,0.5112904
2023-07-31,ALLE,0,0,0.41266662
2023-07-31,AMCR,0,0,0.40364912
2023-07-31,AMD,0,2,0.44374225
2023-07-31,AME,2,0,0.4300406
2023-07-31,AMGN,2,2,0.4329918
2023-07-31,AMP,1,0,0.4098485
2023-07-31,AMT,0,0,0.40506402
2023-07-31,AMZN,2,2,0.45630345
2023-07-31,AON,2,0,0.39353782
2023-07-31,AOS,1,0,0.39419988
2023-07-31,APA,2,2,0.50046265
2023-07-31,APD,0,0,0.3674528
2023-07-31,APH,2,0,0.36233142
2023-07-31,APO,2,0,0.4169698
2023-07-31,APTV,0,0,0.4237309
2023-07-31,ARE,0,2,0.47073495
2023-07-31,AVB,1,0,0.40964678
2023-07-31,AXON,2,0,0.41568732
2023-07-31,AXP,0,0,0.4213628
2023-07-31,AZO,2,0,0.41371545
2023-07-31,BA,0,2,0.49570742
2023-07-31,BAX,0,0,0.41631183
2023-07-31,BBY,0,0,0.42374417
2023-07-31,BF-B,1,0,0.37312752
2023-07-31,BG,2,2,0.47212502
2023-07-31,BKNG,2,2,0.44848064
2023-07-31,BKR,2,2,0.48515874
2023-07-31,GOOGL,2,2,0.45747477
2023-07-31,LNT,0,0,0.3962118
2023-07-31,MMM,0,2,0.5242332
2023-07-31,MO,1,0,0.39781857
2023-07-31,T,2,0,0.40181273
2023-08-31,A,0,0,0.41778246
2023-08-31,AAPL,0,2,0.48924103
2023-08-31,ABBV,2,0,0.42356184
2023-08-31,ABT,0,0,0.4105191
2023-08-31,ACGL,2,0,0.40369493
2023-08-31,ACN,1,0,0.44198236
2023-08-31,ADBE,0,0,0.40208283
2023-08-31,ADI,2,2,0.4836197
2023-08-31,ADM,0,0,0.40749407
2023-08-31,ADP,1,0,0.38884297
2023-08-31,AEE,0,0,0.39745575
2023-08-31,AES,0,0,0.40144378
2023-08-31,AFL,2,0,0.41918892
2023-08-31,AIG,2,0,0.41995233
2023-08-31,AKAM,2,2,0.46033528
2023-08-31,ALB,0,2,0.559793
2023-08-31,ALGN,0,2,0.4513691
2023-08-31,ALL,2,0,0.40667456
2023-08-31,ALLE,0,2,0.52286565
2023-08-31,AMCR,1,0,0.41301557
2023-08-31,AMD,2,0,0.37712738
2023-08-31,AME,0,0,0.4081724
2023-08-31,AMGN,2,2,0.4801595
2023-08-31,AMP,2,0,0.40225857
2023-08-31,AMT,0,2,0.4430138
2023-08-31,AMZN,0,2,0.4573309
2023-08-31,AON,2,2,0.4976141
2023-08-31,AOS,0,0,0.4142806
2023-08-31,APA,0,2,0.497545
2023-08-31,APD,1,2,0.52717644
2023-08-31,APH,0,0,0.41276854
2023-08-31,APO,2,0,0.4190874
2023-08-31,APTV,1,2,0.4488764
2023-08-31,ARE,0,0,0.4125171
2023-08-31,AVB,0,2,0.48327482
2023-08-31,AXON,0,2,0.5390074
2023-08-31,AXP,1,0,0.38344258
2023-08-31,AZO,2,2,0.51833177
2023-08-31,BA,0,0,0.41664785
2023-08-31,BAX,0,0,0.39991862
2023-08-31,BBY,0,0,0.4102303
2023-08-31,BF-B,0,0,0.41509855
2023-08-31,BG,0,0,0.36786446
2023-08-31,BKNG,2,0,0.4127368
2023-08-31,BKR,1,0,0.34670407
2023-08-31,GOOGL,2,0,0.3982227
2023-08-31,LNT,0,0,0.40234992
2023-08-31,MMM,0,2,0.43794203
2023-08-31,MO,1,0,0.41005132
2023-08-31,T,2,0,0.40201175
2023-09-30,A,0,0,0.40661308
2023-09-30,AAPL,2,0,0.41328457
2023-09-30,ABBV,0,0,0.41261816
2023-09-30,ABT,1,0,0.41454208
2023-09-30,ACGL,2,0,0.4005724
2023-09-30,ACN,0,0,0.41069657
2023-09-30,ADBE,2,0,0.398773
2023-09-30,ADI,0,0,0.40171817
2023-09-30,ADM,0,0,0.41724667
2023-09-30,ADP,0,0,0.40914863
2023-09-30,AEE,2,0,0.41650394
2023-09-30,AES,2,0,0.4295474
2023-09-30,AFL,2,0,0.39007154
2023-09-30,AIG,2,0,0.40607762
2023-09-30,AKAM,1,0,0.40516853
2023-09-30,ALB,0,0,0.40507585
2023-09-30,ALGN,0,0,0.4043916
2023-09-30,ALL,2,0,0.4092006
2023-09-30,ALLE,0,0,0.41054755
2023-09-30,AMCR,1,0,0.39998204
2023-09-30,AMD,0,0,0.40455297
2023-09-30,AME,0,0,0.41252148
2023-09-30,AMGN,1,0,0.39772233
2023-09-30,AMP,0,0,0.41136745
2023-09-30,AMT,2,0,0.41285574
2023-09-30,AMZN,2,0,0.38825035
2023-09-30,AON,0,0,0.40532443
2023-09-30,AOS,2,0,0.40027493
2023-09-30,APA,1,0,0.41221318
2023-09-30,APD,2,0,0.41393957
2023-09-30,APH,0,0,0.41486332
2023-09-30,APO,0,0,0.4267581
2023-09-30,APTV,0,0,0.4224718
2023-09-30,ARE,0,0,0.41204
2023-09-30,AVB,0,0,0.40916702
2023-09-30,AXON,2,0,0.41899255
2023-09-30,AXP,1,0,0.41916868
2023-09-30,AZO,1,0,0.4186655
2023-09-30,BA,0,2,0.45065027
2023-09-30,BAX,0,0,0.4073691
2023-09-30,BBY,0,0,0.40410408
2023-09-30,BF-B,0,2,0.4514565
2023-09-30,BG,2,0,0.41012254
2023-09-30,BKNG,0,0,0.39496508
2023-09-30,BKR,2,0,0.39346117
2023-09-30,GOOGL,0,0,0.3863081
2023-09-30,LNT,2,0,0.414396
2023-09-30,MMM,0,0,0.41380066
2023-09-30,MO,0,0,0.4131054
2023-09-30,T,2,0,0.40129754
2023-10-31,A,2,0,0.4073355
2023-10-31,AAPL,2,0,0.4173554
2023-10-31,ABBV,0,0,0.4127972
2023-10-31,ABT,2,0,0.41462573
2023-10-31,ACGL,0,0,0.3681897
2023-10-31,ACN,2,0,0.41699392
2023-10-31,ADBE,2,0,0.38501033
2023-10-31,ADI,2,0,0.41548532
2023-10-31,ADM,0,0,0.40338388
2023-10-31,ADP,0,2,0.4419237
2023-10-31,AEE,0,0,0.39673623
2023-10-31,AES,2,0,0.42234433
2023-10-31,AFL,0,0,0.4153951
2023-10-31,AIG,0,0,0.4078463
2023-10-31,AKAM,2,0,0.38708192
2023-10-31,ALB,0,2,0.4512733
2023-10-31,ALGN,2,2,0.44172305
2023-10-31,ALL,1,2,0.4775293
2023-10-31,ALLE,0,0,0.4106426
2023-10-31,AMCR,1,0,0.41027448
2023-10-31,AMD,2,0,0.41570422
2023-10-31,AME,2,0,0.41257814
2023-10-31,AMGN,0,0,0.3966659
2023-10-31,AMP,2,0,0.41730142
2023-10-31,AMT,2,2,0.51362675
2023-10-31,AMZN,1,2,0.43970847
2023-10-31,AON,0,0,0.41111854
2023-10-31,AOS,1,0,0.40108877
2023-10-31,APA,0,0,0.40900037
2023-10-31,APD,0,0,0.40210596
2023-10-31,APH,2,0,0.40039143
2023-10-31,APO,2,2,0.44051248
2023-10-31,APTV,0,0,0.41154927
2023-10-31,ARE,2,0,0.40631923
2023-10-31,AVB,0,0,0.42063436
2023-10-31,AXON,2,0,0.4125133
2023-10-31,AXP,2,0,0.41864863
2023-10-31,AZO,0,0,0.42023158
2023-10-31,BA,2,2,0.5410114
2023-10-31,BAX,2,0,0.39684996
2023-10-31,BBY,0,0,0.41567385
2023-10-31,BF-B,0,0,0.43342954
2023-10-31,BG,0,2,0.48086742
2023-10-31,BKNG,2,0,0.40805084
2023-10-31,BKR,0,0,0.39796114
2023-10-31,GOOGL,0,0,0.39751205
2023-10-31,LNT,0,0,0.4050344
2023-10-31,MMM,2,2,0.4447986
2023-10-31,MO,0,0,0.41283122
2023-10-31,T,0,0,0.40904468
2023-11-30,A,2,2,0.5301585
2023-11-30,AAPL,0,0,0.42391762
2023-11-30,ABBV,2,0,0.41155112
2023-11-30,ABT,2,0,0.39987895
2023-11-30,ACGL,0,0,0.4161545
2023-11-30,ACN,1,2,0.4850936
2023-11-30,ADBE,0,2,0.5477897
2023-11-30,ADI,2,2,0.5223629
2023-11-30,ADM,0,0,0.40275043
2023-11-30,ADP,0,2,0.5038938
2023-11-30,AEE,0,0,0.4062514
2023-11-30,AES,2,2,0.47625753
2023-11-30,AFL,0,0,0.3769362
2023-11-30,AIG,2,0,0.3517256
2023-11-30,AKAM,0,2,0.4641384
2023-11-30,ALB,2,2,0.5650317
2023-11-30,ALGN,2,2,0.6195284
2023-11-30,ALL,1,0,0.36952552
2023-11-30,ALLE,2,0,0.4019536
2023-11-30,AMCR,1,0,0.37358797
2023-11-30,AMD,2,2,0.5056364
2023-11-30,AME,2,0,0.4036049
2023-11-30,AMGN,2,0,0.39657882
2023-11-30,AMP,2,2,0.49885523
2023-11-30,AMT,2,2,0.52465564
2023-11-30,AMZN,0,0,0.4040564
2023-11-30,AON,0,0,0.4173453
2023-11-30,AOS,2,0,0.4238142
2023-11-30,APA,0,0,0.39161918
2023-11-30,APD,0,0,0.40973186
2023-11-30,APH,2,2,0.4721765
2023-11-30,APO,0,2,0.50645727
2023-11-30,APTV,2,2,0.53264844
2023-11-30,ARE,2,2,0.5405
2023-11-30,AVB,2,0,0.41624945
2023-11-30,AXON,2,2,0.4734242
2023-11-30,AXP,2,2,0.53630894
2023-11-30,AZO,0,0,0.41907424
2023-11-30,BA,2,2,0.5356989
2023-11-30,BAX,2,2,0.43837917
2023-11-30,BBY,2,2,0.4427539
2023-11-30,BF-B,0,0,0.40552247
2023-11-30,BG,0,0,0.40836102
2023-11-30,BKNG,2,2,0.44442496
2023-11-30,BKR,0,0,0.39373556
2023-11-30,GOOGL,1,0,0.3986565
2023-11-30,LNT,0,0,0.39818606
2023-11-30,MMM,2,0,0.38588372
2023-11-30,MO,0,0,0.4008595
2023-11-30,T,1,0,0.37475115
2023-12-31,A,0,0,0.3883028
2023-12-31,AAPL,0,0,0.4144547
2023-12-31,ABBV,2,2,0.4327301
2023-12-31,ABT,2,0,0.37694553
2023-12-31,ACGL,2,0,0.39882398
2023-12-31,ACN,2,0,0.35057214
2023-12-31,ADBE,2,0,0.41165555
2023-12-31,ADI,0,0,0.37328675
2023-12-31,ADM,0,0,0.425631
2023-12-31,ADP,2,0,0.4251521
2023-12-31,AEE,0,0,0.41621435
2023-12-31,AES,0,2,0.45012134
2023-12-31,AFL,1,0,0.39205703
2023-12-31,AIG,2,0,0.35284448
2023-12-31,AKAM,2,0,0.42592385
2023-12-31,ALB,0,2,0.5640688
2023-12-31,ALGN,0,2,0.55917156
2023-12-31,ALL,2,0,0.42354584
2023-12-31,ALLE,0,2,0.5279715
2023-12-31,AMCR,0,0,0.41373307
2023-12-31,AMD,2,2,0.54422605
2023-12-31,AME,0,0,0.37439138
2023-12-31,AMGN,2,0,0.43797272
2023-12-31,AMP,1,0,0.38724405
2023-12-31,AMT,0,0,0.3792074
2023-12-31,AMZN,1,0,0.4024713
2023-12-31,AON,2,0,0.40383187
2023-12-31,AOS,0,0,0.3558167
2023-12-31,APA,0,0,0.41014498
2023-12-31,APD,0,2,0.5038729
2023-12-31,APH,1,0,0.36008084
2023-12-31,APO,2,0,0.4060262
2023-12-31,APTV,0,2,0.46668765
2023-12-31,ARE,0,2,0.512062
2023-12-31,AVB,0,0,0.399438
2023-12-31,AXON,0,2,0.51018023
2023-12-31,AXP,2,0,0.41744062
2023-12-31,AZO,2,0,0.41982636
2023-12-31,BA,0,2,0.5506943
2023-12-31,BAX,0,0,0.37379047
2023-12-31,BBY,0,2,0.43730748
2023-12-31,BF-B,0,0,0.40460402
2023-12-31,BG,0,0,0.40653992
2023-12-31,BKNG,0,2,0.4788085
2023-12-31,BKR,0,0,0.39476877
2023-12-31,GOOGL,0,2,0.4251839
2023-12-31,LNT,0,0,0.41590437
2023-12-31,MMM,0,0,0.409308
2023-12-31,MO,0,0,0.41916478
2023-12-31,T,2,0,0.39392406
2024-01-31,A,1,0,0.4164955
2024-01-31,AAPL,0,0,0.41898042
2024-01-31,ABBV,2,0,0.3798192
2024-01-31,ABT,0,0,0.42223632
2024-01-31,ACGL,1,0,0.4126906
2024-01-31,ACN,0,0,0.3817605
2024-01-31,ADBE,0,2,0.46437988
2024-01-31,ADI,0,0,0.4170373
2024-01-31,ADM,0,0,0.41212535
2024-01-31,ADP,0,0,0.37993234
2024-01-31,AEE,0,0,0.40163645
2024-01-31,AES,0,0,0.40956748
2024-01-31,AFL,0,0,0.37635958
2024-01-31,AIG,0,0,0.37372229
2024-01-31,AKAM,0,0,0.37253296
2024-01-31,ALB,2,0,0.40077102
2024-01-31,ALGN,2,0,0.4268685
2024-01-31,ALL,0,2,0.46716228
2024-01-31,ALLE,0,0,0.41702402
2024-01-31,AMCR,0,0,0.41525325
2024-01-31,AMD,2,2,0.5657988
2024-01-31,AME,2,0,0.42280963
2024-01-31,AMGN,0,0,0.41701663
2024-01-31,AMP,1,0,0.37011045
2024-01-31,AMT,0,0,0.4022758
2024-01-31,AMZN,2,0,0.37099484
2024-01-31,AON,1,0,0.42089695
2024-01-31,AOS,2,0,0.41453797
2024-01-31,APA,0,0,0.3952659
2024-01-31,APD,0,0,0.39921388
2024-01-31,APH,2,0,0.34752628
2024-01-31,APO,2,0,0.41465935
2024-01-31,APTV,0,0,0.42909366
2024-01-31,ARE,0,0,0.41143328
2024-01-31,AVB,0,0,0.41905847
2024-01-31,AXON,2,0,0.39124396
2024-01-31,AXP,2,0,0.38996166
2024-01-31,AZO,2,2,0.52039653
2024-01-31,BA,0,0,0.41360477
2024-01-31,BAX,1,0,0.42729646
2024-01-31,BBY,2,0,0.41946766
2024-01-31,BF-B,2,0,0.4065837
2024-01-31,BG,1,0,0.41333872
2024-01-31,BKNG,0,0,0.39662424
2024-01-31,BKR,1,2,0.45370677
2024-01-31,GOOGL,0,0,0.40540662
2024-01-31,LNT,0,0,0.40711614
2024-01-31,MMM,0,0,0.4095585
2024-01-31,MO,0,0,0.4189632
2024-01-31,T,0,0,0.35126266
2024-02-29,A,2,0,0.38694513
2024-02-29,AAPL,0,0,0.41639507
2024-02-29,ABBV,1,0,0.4014499
2024-02-29,ABT,0,0,0.38922808
2024-02-29,ACGL,2,0,0.3716362
2024-02-29,ACN,0,0,0.37302098
2024-02-29,ADBE,0,0,0.40464514
2024-02-29,ADI,1,0,0.40494907
2024-02-29,ADM,2,2,0.46052477
2024-02-29,ADP,0,0,0.41855216
2024-02-29,AEE,1,0,0.4203765
2024-02-29,AES,2,0,0.4088805
2024-02-29,AFL,2,0,0.41901058
2024-02-29,AIG,2,0,0.3500036
2024-02-29,AKAM,0,0,0.39993793
2024-02-29,ALB,0,2,0.5442731
2024-02-29,ALGN,2,2,0.51047105
2024-02-29,ALL,2,2,0.4533722
2024-02-29,ALLE,1,0,0.40022248
2024-02-29,AMCR,2,0,0.40720347
2024-02-29,AMD,0,2,0.529506
2024-02-29,AME,0,0,0.38527024
2024-02-29,AMGN,1,0,0.39749795
2024-02-29,AMP,2,0,0.41889614
2024-02-29,AMT,0,2,0.49931696
2024-02-29,AMZN,1,2,0.45210993
2024-02-29,AON,2,2,0.4335591
2024-02-29,AOS,2,0,0.38355175
2024-02-29,APA,2,0,0.40948075
2024-02-29,APD,2,2,0.56129426
2024-02-29,APH,2,0,0.39455265
2024-02-29,APO,0,0,0.43786895
2024-02-29,APTV,0,0,0.40760574
2024-02-29,ARE,0,2,0.47526506
2024-02-29,AVB,1,0,0.41649947
2024-02-29,AXON,0,2,0.4953533
2024-02-29,AXP,1,0,0.43609473
2024-02-29,AZO,2,2,0.44663894
2024-02-29,BA,0,2,0.5182517
2024-02-29,BAX,2,0,0.3997266
2024-02-29,BBY,1,0,0.39870828
2024-02-29,BF-B,0,0,0.37346157
2024-02-29,BG,2,2,0.50940704
2024-02-29,BKNG,1,0,0.41245636
2024-02-29,BKR,2,0,0.40850762
2024-02-29,GOOGL,2,0,0.41153207
2024-02-29,LNT,2,0,0.40393236
2024-02-29,MMM,2,2,0.43513626
2024-02-29,MO,2,0,0.40198657
2024-02-29,T,1,0,0.39841065
2024-03-31,A,0,0,0.38512066
2024-03-31,AAPL,2,0,0.41546738
2024-03-31,ABBV,0,0,0.3970097
2024-03-31,ABT,0,0,0.40878317
2024-03-31,ACGL,2,0,0.36824936
2024-03-31,ACN,0,0,0.40700862
2024-03-31,ADBE,0,0,0.41450393
2024-03-31,ADI,2,0,0.4142321
2024-03-31,ADM,1,2,0.5023639
2024-03-31,ADP,1,2,0.4269607
2024-03-31,AEE,2,0,0.369637
2024-03-31,AES,2,2,0.48276153
2024-03-31,AFL,2,0,0.37704745
2024-03-31,AIG,1,0,0.3931229
2024-03-31,AKAM,0,0,0.41655958
2024-03-31,ALB,0,2,0.46138188
2024-03-31,ALGN,0,0,0.40121868
2024-03-31,ALL,1,2,0.4620474
2024-03-31,ALLE,0,0,0.3764627
2024-03-31,AMCR,0,0,0.40670592
2024-03-31,AMD,0,0,0.444471
2024-03-31,AME,1,0,0.38707978
2024-03-31,AMGN,1,2,0.502351
2024-03-31,AMP,0,2,0.4542764
2024-03-31,AMT,0,0,0.42709535
2024-03-31,AMZN,2,0,0.42784935
2024-03-31,AON,0,2,0.4633235
2024-03-31,AOS,0,0,0.35256323
2024-03-31,APA,0,2,0.48929366
2024-03-31,APD,1,0,0.40271106
2024-03-31,APH,2,0,0.39745536
2024-03-31,APO,2,0,0.41620514
2024-03-31,APTV,0,0,0.4052632
2024-03-31,ARE,0,0,0.37887177
2024-03-31,AVB,2,0,0.40047047
2024-03-31,AXON,2,2,0.471674
2024-03-31,AXP,2,0,0.43475008
2024-03-31,AZO,0,0,0.4021517
2024-03-31,BA,0,2,0.5359045
2024-03-31,BAX,0,0,0.4117374
2024-03-31,BBY,0,0,0.3788618
2024-03-31,BF-B,0,0,0.39608938
2024-03-31,BG,2,2,0.4324232
2024-03-31,BKNG,1,2,0.46023062
2024-03-31,BKR,2,2,0.46624178
2024-03-31,GOOGL,2,2,0.45606706
2024-03-31,LNT,2,0,0.37575802
2024-03-31,MMM,2,2,0.47923046
2024-03-31,MO,2,0,0.37664217
2024-03-31,T,1,0,0.38688788
2024-04-30,A,0,0,0.3939803
2024-04-30,AAPL,2,2,0.45099276
2024-04-30,ABBV,0,0,0.41460234
2024-04-30,ABT,0,0,0.3893715
2024-04-30,ACGL,2,0,0.39584416
2024-04-30,ACN,0,2,0.436486
2024-04-30,ADBE,0,2,0.53403646
2024-04-30,ADI,2,2,0.5032046
2024-04-30,ADM,1,0,0.4102642
2024-04-30,ADP,0,0,0.418639
2024-04-30,AEE,0,0,0.39957598
2024-04-30,AES,2,0,0.40426004
2024-04-30,AFL,2,0,0.40464494
2024-04-30,AIG,1,0,0.37492293
2024-04-30,AKAM,0,0,0.39594746
2024-04-30,ALB,0,2,0.43887767
2024-04-30,ALGN,0,0,0.39874703
2024-04-30,ALL,0,0,0.42934963
2024-04-30,ALLE,0,0,0.4089584
2024-04-30,AMCR,2,0,0.4003728
2024-04-30,AMD,2,2,0.47582948
2024-04-30,AME,0,0,0.39528716
2024-04-30,AMGN,2,2,0.52297187
2024-04-30,AMP,1,0,0.4019753
2024-04-30,AMT,2,0,0.39700165
2024-04-30,AMZN,0,0,0.38565722
2024-04-30,AON,0,0,0.43115702
2024-04-30,AOS,0,0,0.4079399
2024-04-30,APA,0,0,0.4121134
2024-04-30,APD,2,2,0.44558325
2024-04-30,APH,2,0,0.41681176
2024-04-30,APO,2,0,0.38187426
2024-04-30,APTV,2,0,0.40488198
2024-04-30,ARE,0,0,0.4183936
2024-04-30,AVB,0,2,0.4246283
2024-04-30,AXON,0,2,0.4674123
2024-04-30,AXP,0,2,0.4642637
2024-04-30,AZO,0,0,0.40528864
2024-04-30,BA,0,2,0.44624034
2024-04-30,BAX,0,0,0.4013514
2024-04-30,BBY,2,0,0.4020632
2024-04-30,BF-B,0,0,0.4044738
2024-04-30,BG,1,0,0.41392362
2024-04-30,BKNG,2,0,0.40982983
2024-04-30,BKR,0,0,0.42222875
2024-04-30,GOOGL,2,0,0.3993934
2024-04-30,LNT,0,0,0.3985496
2024-04-30,MMM,0,0,0.36070243
2024-04-30,MO,1,0,0.3691934
2024-04-30,T,1,0,0.40219468
2024-05-31,A,0,0,0.39924613
2024-05-31,AAPL,2,2,0.4899823
2024-05-31,ABBV,0,0,0.42305657
2024-05-31,ABT,0,0,0.40411308
2024-05-31,ACGL,0,0,0.36491036
2024-05-31,ACN,2,2,0.44351393
2024-05-31,ADBE,2,0,0.40843895
2024-05-31,ADI,0,2,0.51118445
2024-05-31,ADM,0,0,0.4061051
2024-05-31,ADP,0,0,0.41781256
2024-05-31,AEE,0,0,0.42365602
2024-05-31,AES,0,2,0.52407724
2024-05-31,AFL,0,0,0.37806252
2024-05-31,AIG,0,0,0.38800344
2024-05-31,AKAM,0,0,0.41622466
2024-05-31,ALB,0,0,0.40685645
2024-05-31,ALGN,0,0,0.41154316
2024-05-31,ALL,0,0,0.3931845
2024-05-31,ALLE,0,0,0.41479257
2024-05-31,AMCR,0,0,0.41978315
2024-05-31,AMD,0,2,0.5179361
2024-05-31,AME,0,0,0.404728
2024-05-31,AMGN,0,2,0.4546082
2024-05-31,AMP,0,0,0.39232948
2024-05-31,AMT,0,0,0.3963918
2024-05-31,AMZN,2,0,0.3784267
2024-05-31,AON,1,0,0.41761404
2024-05-31,AOS,0,0,0.41290134
2024-05-31,APA,0,0,0.40989536
2024-05-31,APD,0,2,0.4665589
2024-05-31,APH,0,2,0.48013195
2024-05-31,APO,0,0,0.37756646
2024-05-31,APTV,0,2,0.5130103
2024-05-31,ARE,0,0,0.4156344
2024-05-31,AVB,2,0,0.41300794
2024-05-31,AXON,1,0,0.39133713
2024-05-31,AXP,0,2,0.4543291
2024-05-31,AZO,1,0,0.3968419
2024-05-31,BA,1,0,0.41985518
2024-05-31,BAX,0,0,0.39510337
2024-05-31,BBY,0,2,0.5099378
2024-05-31,BF-B,0,0,0.4178792
2024-05-31,BG,0,0,0.40696594
2024-05-31,BKNG,1,0,0.41129342
2024-05-31,BKR,1,0,0.40324053
2024-05-31,GOOGL,2,0,0.40709174
2024-05-31,LNT,0,0,0.41730314
2024-05-31,MMM,0,0,0.39213973
2024-05-31,MO,0,0,0.37534574
2024-05-31,T,0,0,0.35400194
2024-06-30,A,2,0,0.3919187
2024-06-30,AAPL,2,0,0.40940842
2024-06-30,ABBV,2,2,0.42443913
2024-06-30,ABT,2,0,0.39600742
2024-06-30,ACGL,0,0,0.39503327
2024-06-30,ACN,2,2,0.52154684
2024-06-30,ADBE,0,2,0.564184
2024-06-30,ADI,0,0,0.39680135
2024-06-30,ADM,2,0,0.39965117
2024-06-30,ADP,2,0,0.4161543
2024-06-30,AEE,2,0,0.39723277
2024-06-30,AES,1,0,0.41488418
2024-06-30,AFL,2,0,0.3986018
2024-06-30,AIG,2,0,0.39972472
2024-06-30,AKAM,2,0,0.4337628
2024-06-30,ALB,0,0,0.40873113
2024-06-30,ALGN,0,0,0.4008908
2024-06-30,ALL,2,0,0.40242216
2024-06-30,ALLE,2,0,0.40762603
2024-06-30,AMCR,2,0,0.4120428
2024-06-30,AMD,0,0,0.4133264
2024-06-30,AME,2,0,0.4167953
2024-06-30,AMGN,2,0,0.41182795
2024-06-30,AMP,2,0,0.41656274
2024-06-30,AMT,2,0,0.4291668
2024-06-30,AMZN,0,2,0.47230995
2024-06-30,AON,2,0,0.40176603
2024-06-30,AOS,2,0,0.39410964
2024-06-30,APA,2,0,0.4049576
2024-06-30,APD,2,0,0.4051682
2024-06-30,APH,0,2,0.4733769
2024-06-30,APO,2,0,0.36661202
2024-06-30,APTV,0,0,0.40531516
2024-06-30,ARE,2,0,0.40826687
2024-06-30,AVB,1,0,0.36909515
2024-06-30,AXON,2,2,0.50428116
2024-06-30,AXP,2,0,0.3860763
2024-06-30,AZO,2,2,0.5192944
2024-06-30,BA,2,0,0.42114133
2024-06-30,BAX,2,0,0.39987805
2024-06-30,BBY,2,2,0.47428605
2024-06-30,BF-B,2,0,0.40570474
2024-06-30,BG,2,0,0.39480126
2024-06-30,BKNG,0,0,0.38201585
2024-06-30,BKR,2,0,0.37917715
2024-06-30,GOOGL,0,2,0.4488628
2024-06-30,LNT,2,0,0.40101308
2024-06-30,MMM,2,0,0.3793371
2024-06-30,MO,2,0,0.39073864
2024-06-30,T,2,0,0.4073858
2024-07-31,A,1,2,0.49677345
2024-07-31,AAPL,2,0,0.38721508
2024-07-31,ABBV,2,0,0.43031168
2024-07-31,ABT,2,0,0.40628722
2024-07-31,ACGL,2,0,0.39972055
2024-07-31,ACN,2,0,0.38203186
2024-07-31,ADBE,2,0,0.41794592
2024-07-31,ADI,0,0,0.38602993
2024-07-31,ADM,0,0,0.41616613
2024-07-31,ADP,2,2,0.50748044
2024-07-31,AEE,2,2,0.45111442
2024-07-31,AES,0,0,0.40186468
2024-07-31,AFL,2,0,0.35243982
2024-07-31,AIG,0,0,0.40169087
2024-07-31,AKAM,2,0,0.3722998
2024-07-31,ALB,0,2,0.4745464
2024-07-31,ALGN,1,0,0.41867977
2024-07-31,ALL,2,0,0.39724502
2024-07-31,ALLE,1,2,0.5098369
2024-07-31,AMCR,2,0,0.36094096
2024-07-31,AMD,1,0,0.41269135
2024-07-31,AME,0,0,0.40383822
2024-07-31,AMGN,0,0,0.39374423
2024-07-31,AMP,2,0,0.41654846
2024-07-31,AMT,1,2,0.48960483
2024-07-31,AMZN,0,0,0.41508803
2024-07-31,AON,2,2,0.5155745
2024-07-31,AOS,0,0,0.4140575
2024-07-31,APA,0,0,0.4014603
2024-07-31,APD,2,2,0.46732953
2024-07-31,APH,2,0,0.38513368
2024-07-31,APO,0,0,0.38067055
2024-07-31,APTV,1,0,0.40078455
2024-07-31,ARE,1,0,0.4123968
2024-07-31,AVB,2,0,0.416879
2024-07-31,AXON,2,0,0.41013068
2024-07-31,AXP,2,0,0.41352087
2024-07-31,AZO,2,2,0.47602403
2024-07-31,BA,0,2,0.48076296
2024-07-31,BAX,2,0,0.40174955
2024-07-31,BBY,2,0,0.38532034
2024-07-31,BF-B,1,0,0.40337837
2024-07-31,BG,0,0,0.41054443
2024-07-31,BKNG,2,0,0.40931612
2024-07-31,BKR,0,0,0.38364363
2024-07-31,GOOGL,0,0,0.39399508
2024-07-31,LNT,2,0,0.36008567
2024-07-31,MMM,2,2,0.49240878
2024-07-31,MO,2,0,0.37537903
2024-07-31,T,2,0,0.3746315
2024-08-31,A,2,0,0.3817006
2024-08-31,AAPL,0,0,0.39605844
2024-08-31,ABBV,1,0,0.36587194
2024-08-31,ABT,1,0,0.37278315
2024-08-31,ACGL,1,2,0.5105457
2024-08-31,ACN,2,2,0.45985532
2024-08-31,ADBE,0,2,0.46560892
2024-08-31,ADI,0,2,0.46489957
2024-08-31,ADM,0,0,0.41194686
2024-08-31,ADP,1,0,0.37543836
2024-08-31,AEE,2,0,0.37678814
2024-08-31,AES,2,0,0.40136948
2024-08-31,AFL,2,0,0.4119557
2024-08-31,AIG,0,0,0.40475854
2024-08-31,AKAM,0,0,0.4143201
2024-08-31,ALB,2,2,0.54853123
2024-08-31,ALGN,2,2,0.5216814
2024-08-31,ALL,1,0,0.42814842
2024-08-31,ALLE,2,0,0.36247715
2024-08-31,AMCR,0,0,0.3529088
2024-08-31,AMD,2,2,0.5121672
2024-08-31,AME,0,2,0.48484278
2024-08-31,AMGN,0,2,0.44677106
2024-08-31,AMP,2,2,0.46509776
2024-08-31,AMT,2,0,0.41241324
2024-08-31,AMZN,2,2,0.49728382
2024-08-31,AON,1,0,0.38992062
2024-08-31,AOS,2,0,0.40915376
2024-08-31,APA,0,0,0.41172412
2024-08-31,APD,2,0,0.42699
2024-08-31,APH,0,0,0.3746664
2024-08-31,APO,2,2,0.504056
2024-08-31,APTV,0,0,0.41658238
2024-08-31,ARE,0,2,0.42423755
2024-08-31,AVB,0,0,0.41220465
2024-08-31,AXON,2,2,0.5507572
2024-08-31,AXP,2,0,0.42996818
2024-08-31,AZO,0,0,0.41328692
2024-08-31,BA,0,0,0.4338819
2024-08-31,BAX,0,0,0.37700355
2024-08-31,BBY,1,2,0.47079745
2024-08-31,BF-B,2,0,0.4064658
2024-08-31,BG,0,2,0.52071995
2024-08-31,BKNG,2,2,0.46522748
2024-08-31,BKR,2,0,0.39682052
2024-08-31,GOOGL,2,0,0.42731252
2024-08-31,LNT,2,0,0.35907978
2024-08-31,MMM,1,2,0.47904295
2024-08-31,MO,0,0,0.39270845
2024-08-31,T,2,0,0.37007248
2024-09-30,A,0,2,0.45448205
2024-09-30,AAPL,1,0,0.42433888
2024-09-30,ABBV,0,0,0.39020774
2024-09-30,ABT,0,0,0.4173407
2024-09-30,ACGL,0,0,0.39460164
2024-09-30,ACN,2,0,0.40342012
2024-09-30,ADBE,0,0,0.4179377
2024-09-30,ADI,1,2,0.491583
2024-09-30,ADM,0,0,0.42414984
2024-09-30,ADP,2,0,0.4092023
2024-09-30,AEE,0,0,0.35538757
2024-09-30,AES,0,2,0.47029248
2024-09-30,AFL,0,0,0.40500683
2024-09-30,AIG,2,0,0.40431875
2024-09-30,AKAM,1,0,0.4033581
2024-09-30,ALB,1,2,0.5099502
2024-09-30,ALGN,0,2,0.50499654
2024-09-30,ALL,0,0,0.38937613
2024-09-30,ALLE,0,0,0.35023037
2024-09-30,AMCR,0,0,0.37413633
2024-09-30,AMD,1,2,0.5288003
2024-09-30,AME,0,0,0.40073124
2024-09-30,AMGN,0,0,0.4133685
2024-09-30,AMP,2,2,0.44569314
2024-09-30,AMT,0,0,0.38786045
2024-09-30,AMZN,2,0,0.3955141
2024-09-30,AON,2,0,0.41476804
2024-09-30,AOS,0,2,0.45456505
2024-09-30,APA,0,0,0.40404412
2024-09-30,APD,2,0,0.43701896
2024-09-30,APH,2,0,0.40243292
2024-09-30,APO,2,0,0.428144
2024-09-30,APTV,0,0,0.41695303
2024-09-30,ARE,0,0,0.41986322
2024-09-30,AVB,1,0,0.38918376
2024-09-30,AXON,2,0,0.41760495
2024-09-30,AXP,0,0,0.3966648
2024-09-30,AZO,0,2,0.5563213
2024-09-30,BA,1,0,0.396901
2024-09-30,BAX,0,0,0.41962138
2024-09-30,BBY,0,0,0.4099964
2024-09-30,BF-B,0,0,0.37279192
2024-09-30,BG,0,0,0.39972094
2024-09-30,BKNG,2,0,0.42921048
2024-09-30,BKR,2,0,0.39523223
2024-09-30,GOOGL,2,2,0.50430185
2024-09-30,LNT,0,0,0.35392252
2024-09-30,MMM,0,2,0.4504573
2024-09-30,MO,0,0,0.3945254
2024-09-30,T,1,2,0.4390052
2024-10-31,A,2,2,0.43083826
2024-10-31,AAPL,1,2,0.43487313
2024-10-31,ABBV,0,2,0.44440565
2024-10-31,ABT,0,2,0.43415615
2024-10-31,ACGL,1,2,0.46605647
2024-10-31,ACN,0,0,0.42297408
2024-10-31,ADBE,2,0,0.41680312
2024-10-31,ADI,0,2,0.43904817
2024-10-31,ADM,0,0,0.4243151
2024-10-31,ADP,1,0,0.40851092
2024-10-31,AEE,1,0,0.42255616
2024-10-31,AES,0,2,0.43844694
2024-10-31,AFL,1,0,0.41192824
2024-10-31,AIG,0,2,0.43885174
2024-10-31,AKAM,0,2,0.4318631
2024-10-31,ALB,2,0,0.4350143
2024-10-31,ALGN,2,0,0.42964107
2024-10-31,ALL,2,2,0.43323284
2024-10-31,ALLE,0,0,0.42478627
2024-10-31,AMCR,0,0,0.4228849
2024-10-31,AMD,0,0,0.42723894
2024-10-31,AME,1,2,0.46918893
2024-10-31,AMGN,0,0,0.42430001
2024-10-31,AMP,2,2,0.42959458
2024-10-31,AMT,0,0,0.41599283
2024-10-31,AMZN,2,0,0.42141026
2024-10-31,AON,1,2,0.46215135
2024-10-31,AOS,0,2,0.44642234
2024-10-31,APA,0,0,0.42904878
2024-10-31,APD,2,0,0.41871685
2024-10-31,APH,2,0,0.41998643
2024-10-31,APO,2,2,0.47869992
2024-10-31,APTV,0,2,0.47362235
2024-10-31,ARE,0,2,0.4387204
2024-10-31,AVB,0,0,0.4254636
2024-10-31,AXON,2,2,0.47582406
2024-10-31,AXP,2,0,0.41827372
2024-10-31,AZO,1,2,0.4300094
2024-10-31,BA,0,0,0.4142899
2024-10-31,BAX,0,2,0.4382504
2024-10-31,BBY,0,0,0.42629364
2024-10-31,BF-B,0,2,0.44694558
2024-10-31,BG,1,2,0.46845177
2024-10-31,BKNG,2,2,0.51950264
2024-10-31,BKR,2,0,0.40076885
2024-10-31,GOOGL,0,2,0.48343542
2024-10-31,LNT,0,0,0.41988057
2024-10-31,MMM,0,2,0.44889423
2024-10-31,MO,1,0,0.42387858
2024-10-31,T,0,2,0.45899066
2024-11-30,A,1,2,0.5082351
2024-11-30,AAPL,2,0,0.44071248
2024-11-30,ABBV,1,2,0.533557
2024-11-30,ABT,0,0,0.40292278
2024-11-30,ACGL,0,2,0.50576496
2024-11-30,ACN,1,2,0.4318679
2024-11-30,ADBE,0,2,0.5203135
2024-11-30,ADI,1,2,0.5186368
2024-11-30,ADM,0,2,0.43740028
2024-11-30,ADP,0,0,0.35420415
2024-11-30,AEE,0,0,0.3781904
2024-11-30,AES,2,0,0.4078091
2024-11-30,AFL,0,0,0.3847479
2024-11-30,AIG,0,0,0.40651003
2024-11-30,AKAM,2,2,0.51576567
2024-11-30,ALB,0,2,0.46590638
2024-11-30,ALGN,0,2,0.51915413
2024-11-30,ALL,0,0,0.43007034
2024-11-30,ALLE,0,0,0.40234584
2024-11-30,AMCR,0,2,0.43487337
2024-11-30,AMD,0,0,0.40663525
2024-11-30,AME,0,2,0.51204664
2024-11-30,AMGN,0,0,0.39851266
2024-11-30,AMP,0,2,0.50567216
2024-11-30,AMT,0,2,0.53591096
2024-11-30,AMZN,2,0,0.40831608
2024-11-30,AON,0,0,0.38321206
2024-11-30,AOS,0,2,0.44223002
2024-11-30,APA,2,0,0.4081155
2024-11-30,APD,0,0,0.42695582
2024-11-30,APH,0,0,0.39204073
2024-11-30,APO,0,2,0.5976472
2024-11-30,APTV,2,2,0.5233727
2024-11-30,ARE,0,2,0.46125716
2024-11-30,AVB,0,0,0.406591
2024-11-30,AXON,0,2,0.54397166
2024-11-30,AXP,1,0,0.4204311
2024-11-30,AZO,2,2,0.53538084
2024-11-30,BA,2,2,0.52130735
2024-11-30,BAX,0,0,0.4120713
2024-11-30,BBY,0,0,0.4107567
2024-11-30,BF-B,0,0,0.4162837
2024-11-30,BG,0,2,0.4346277
2024-11-30,BKNG,0,2,0.5527624
2024-11-30,BKR,0,2,0.54851925
2024-11-30,GOOGL,2,0,0.42076305
2024-11-30,LNT,0,0,0.3916263
2024-11-30,MMM,1,0,0.41752255
2024-11-30,MO,0,2,0.5137291
2024-11-30,T,1,2,0.43402156
2024-12-31,A,2,2,0.4890111
2024-12-31,AAPL,0,2,0.48271784
2024-12-31,ABBV,2,2,0.50923723
2024-12-31,ABT,2,2,0.46257955
2024-12-31,ACGL,0,2,0.47802824
2024-12-31,ACN,2,2,0.48156565
2024-12-31,ADBE,0,2,0.4732761
2024-12-31,ADI,0,2,0.47058138
2024-12-31,ADM,0,2,0.4710939
2024-12-31,ADP,2,2,0.489144
2024-12-31,AEE,2,2,0.46592402
2024-12-31,AES,0,2,0.48311752
2024-12-31,AFL,2,2,0.47544312
2024-12-31,AIG,0,2,0.46955714
2024-12-31,AKAM,1,2,0.48757467
2024-12-31,ALB,0,2,0.49709198
2024-12-31,ALGN,2,2,0.4808021
2024-12-31,ALL,0,2,0.4958119
2024-12-31,ALLE,0,2,0.50582975
2024-12-31,AMCR,1,2,0.503433
2024-12-31,AMD,0,2,0.46532828
2024-12-31,AME,1,2,0.4665698
2024-12-31,AMGN,2,2,0.50440437
2024-12-31,AMP,0,2,0.46414053
2024-12-31,AMT,1,2,0.4833977
2024-12-31,AMZN,2,2,0.46591803
2024-12-31,AON,2,2,0.49328712
2024-12-31,AOS,0,2,0.5097303
2024-12-31,APA,0,2,0.4696076
2024-12-31,APD,2,2,0.5342253
2024-12-31,APH,1,2,0.48892617
2024-12-31,APO,1,2,0.5052874
2024-12-31,APTV,0,2,0.47661775
2024-12-31,ARE,0,2,0.4690758
2024-12-31,AVB,0,2,0.48980832
2024-12-31,AXON,2,2,0.49837577
2024-12-31,AXP,2,2,0.46931964
2024-12-31,AZO,2,2,0.48257807
2024-12-31,BA,0,2,0.49200562
2024-12-31,BAX,2,2,0.46724617
2024-12-31,BBY,0,2,0.4709314
2024-12-31,BF-B,0,2,0.5123241
2024-12-31,BG,0,2,0.496137
2024-12-31,BKNG,0,2,0.49177435
2024-12-31,BKR,2,2,0.463715
2024-12-31,GOOGL,2,2,0.5034475
2024-12-31,LNT,1,2,0.4822545
2024-12-31,MMM,2,2,0.46124157
2024-12-31,MO,1,2,0.4918097
2024-12-31,T,2,2,0.47193208
2025-01-31,A,0,2,0.48993614
2025-01-31,AAPL,2,2,0.5100486
2025-01-31,ABBV,2,2,0.5011088
2025-01-31,ABT,2,2,0.4993074
2025-01-31,ACGL,2,2,0.4731725
2025-01-31,ACN,0,2,0.48758397
2025-01-31,ADBE,2,2,0.5619797
2025-01-31,ADI,2,2,0.4931791
2025-01-31,ADM,0,2,0.46881306
2025-01-31,ADP,2,2,0.48268962
2025-01-31,AEE,2,2,0.45179784
2025-01-31,AES,2,2,0.45550814
2025-01-31,AFL,2,2,0.47885987
2025-01-31,AIG,2,2,0.4681469
2025-01-31,AKAM,0,2,0.4939613
2025-01-31,ALB,0,2,0.48290804
2025-01-31,ALGN,0,2,0.4703262
2025-01-31,ALL,2,2,0.51382077
2025-01-31,ALLE,0,2,0.48165858
2025-01-31,AMCR,2,2,0.4732868
2025-01-31,AMD,0,2,0.47581333
2025-01-31,AME,2,2,0.4798112
2025-01-31,AMGN,2,2,0.49855188
2025-01-31,AMP,0,2,0.47789595
2025-01-31,AMT,2,2,0.50755244
2025-01-31,AMZN,0,2,0.49968097
2025-01-31,AON,2,2,0.50035894
2025-01-31,AOS,2,2,0.49117392
2025-01-31,APA,0,2,0.48670682
2025-01-31,APD,0,2,0.49720395
2025-01-31,APH,0,2,0.49296737
2025-01-31,APO,0,2,0.49673945
2025-01-31,APTV,2,2,0.46109337
2025-01-31,ARE,2,2,0.48484507
2025-01-31,AVB,2,2,0.497405
2025-01-31,AXON,0,2,0.47755942
2025-01-31,AXP,0,2,0.47540075
2025-01-31,AZO,2,2,0.51007605
2025-01-31,BA,0,2,0.47516847
2025-01-31,BAX,2,2,0.48139787
2025-01-31,BBY,0,2,0.4932122
2025-01-31,BF-B,2,2,0.4707746
2025-01-31,BG,1,2,0.4697513
2025-01-31,BKNG,2,2,0.45238662
2025-01-31,BKR,0,2,0.5299806
2025-01-31,GOOGL,0,2,0.46061996
2025-01-31,LNT,2,2,0.47267795
2025-01-31,MMM,1,2,0.51103944
2025-01-31,MO,2,2,0.4701065
2025-01-31,T,2,2,0.4640269
2025-02-28,A,0,2,0.54231656
2025-02-28,AAPL,0,2,0.46871123
2025-02-28,ABBV,2,2,0.51033336
2025-02-28,ABT,2,2,0.49219245
2025-02-28,ACGL,2,2,0.49171132
2025-02-28,ACN,0,2,0.49197334
2025-02-28,ADBE,0,2,0.4873643
2025-02-28,ADI,0,2,0.4963141
2025-02-28,ADM,2,2,0.4779879
2025-02-28,ADP,2,2,0.4524694
2025-02-28,AEE,2,2,0.486387
2025-02-28,AES,2,2,0.48495534
2025-02-28,AFL,2,2,0.48084453
2025-02-28,AIG,2,2,0.49034193
2025-02-28,AKAM,2,2,0.4802838
2025-02-28,ALB,1,2,0.47242218
2025-02-28,ALGN,0,2,0.5071311
2025-02-28,ALL,2,2,0.49326125
2025-02-28,ALLE,2,2,0.4701795
2025-02-28,AMCR,2,2,0.46183133
2025-02-28,AMD,2,2,0.49663493
2025-02-28,AME,0,2,0.47521272
2025-02-28,AMGN,2,2,0.48109478
2025-02-28,AMP,0,2,0.48694634
2025-02-28,AMT,2,2,0.5000634
2025-02-28,AMZN,0,2,0.46342337
2025-02-28,AON,2,2,0.4938133
2025-02-28,AOS,2,2,0.47957572
2025-02-28,APA,2,2,0.47318465
2025-02-28,APD,1,2,0.48916993
2025-02-28,APH,2,2,0.49087942
2025-02-28,APO,0,2,0.4693857
2025-02-28,APTV,0,2,0.48899594
2025-02-28,ARE,0,2,0.49599126
2025-02-28,AVB,2,2,0.48276848
2025-02-28,AXON,2,2,0.47462675
2025-02-28,AXP,0,2,0.4786308
2025-02-28,AZO,2,2,0.4907499
2025-02-28,BA,2,2,0.47848955
2025-02-28,BAX,2,2,0.48103127
2025-02-28,BBY,0,2,0.46354663
2025-02-28,BF-B,2,2,0.4908923
2025-02-28,BG,2,2,0.5113502
2025-02-28,BKNG,0,2,0.4465012
2025-02-28,BKR,2,2,0.47084758
2025-02-28,GOOGL,0,2,0.49451014
2025-02-28,LNT,2,2,0.4711688
2025-02-28,MMM,1,2,0.52402675
2025-02-28,MO,2,2,0.47093135
2025-02-28,T,2,2,0.5314425
2025-03-31,A,0,2,0.48996297
2025-03-31,AAPL,0,2,0.51044583
2025-03-31,ABBV,0,2,0.47854802
2025-03-31,ABT,1,2,0.45692125
2025-03-31,ACGL,0,2,0.48069277
2025-03-31,ACN,0,2,0.48981622
2025-03-31,ADBE,0,2,0.48177385
2025-03-31,ADI,0,2,0.48542163
2025-03-31,ADM,1,2,0.47028357
2025-03-31,ADP,1,2,0.5034797
2025-03-31,AEE,1,2,0.4821862
2025-03-31,AES,0,2,0.46617332
2025-03-31,AFL,0,2,0.47277972
2025-03-31,AIG,0,2,0.46321005
2025-03-31,AKAM,1,2,0.49781796
2025-03-31,ALB,0,2,0.48147914
2025-03-31,ALGN,2,2,0.5448202
2025-03-31,ALL,0,2,0.49175757
2025-03-31,ALLE,2,2,0.48131678
2025-03-31,AMCR,0,2,0.49358585
2025-03-31,AMD,0,2,0.5124943
2025-03-31,AME,1,2,0.48593915
2025-03-31,AMGN,0,2,0.48340225
2025-03-31,AMP,0,2,0.50757444
2025-03-31,AMT,2,2,0.49447173
2025-03-31,AMZN,0,2,0.48323897
2025-03-31,AON,0,2,0.47426265
2025-03-31,AOS,2,2,0.4857347
2025-03-31,APA,0,2,0.47023553
2025-03-31,APD,0,2,0.48872086
2025-03-31,APH,2,2,0.49686033
2025-03-31,APO,1,2,0.5079082
2025-03-31,APTV,0,2,0.4889787
2025-03-31,ARE,0,2,0.48733547
2025-03-31,AVB,0,2,0.49546975
2025-03-31,AXON,2,2,0.5117225
2025-03-31,AXP,1,2,0.514119
2025-03-31,AZO,1,2,0.48541108
2025-03-31,BA,2,2,0.5185807
2025-03-31,BAX,0,2,0.4964021
2025-03-31,BBY,0,2,0.4916667
2025-03-31,BF-B,2,2,0.4891756
2025-03-31,BG,2,2,0.47285098
2025-03-31,BKNG,2,2,0.5099409
2025-03-31,BKR,0,2,0.48112887
2025-03-31,GOOGL,2,2,0.4873729
2025-03-31,LNT,0,2,0.48566347
2025-03-31,MMM,0,2,0.46966645
2025-03-31,MO,1,2,0.46799812
2025-03-31,T,1,2,0.51256096
2025-04-30,A,0,2,0.51777124
2025-04-30,AAPL,0,2,0.543932
2025-04-30,ABBV,0,2,0.5211596
2025-04-30,ABT,0,2,0.49238804
2025-04-30,ACGL,0,2,0.4783428
2025-04-30,ACN,1,2,0.54110885
2025-04-30,ADBE,2,2,0.56473017
2025-04-30,ADI,2,2,0.54434425
2025-04-30,ADM,0,2,0.4873147
2025-04-30,ADP,2,2,0.5130831
2025-04-30,AEE,0,2,0.48289776
2025-04-30,AES,0,2,0.47292078
2025-04-30,AFL,0,2,0.48175555
2025-04-30,AIG,0,2,0.4748865
2025-04-30,AKAM,0,2,0.50999635
2025-04-30,ALB,0,2,0.5326072
2025-04-30,ALGN,0,2,0.4965876
2025-04-30,ALL,1,2,0.51000905
2025-04-30,ALLE,0,2,0.5002145
2025-04-30,AMCR,0,2,0.47641903
2025-04-30,AMD,2,2,0.54459417
2025-04-30,AME,1,2,0.5195461
2025-04-30,AMGN,0,2,0.5151749
2025-04-30,AMP,2,2,0.54554874
2025-04-30,AMT,0,2,0.47793522
2025-04-30,AMZN,2,2,0.5276529
2025-04-30,AON,0,2,0.4830369
2025-04-30,AOS,0,2,0.48692888
2025-04-30,APA,2,2,0.47744694
2025-04-30,APD,0,2,0.52548856
2025-04-30,APH,2,2,0.49611762
2025-04-30,APO,0,2,0.5319254
2025-04-30,APTV,2,2,0.5138485
2025-04-30,ARE,0,2,0.48999417
2025-04-30,AVB,0,2,0.5108288
2025-04-30,AXON,2,2,0.49616483
2025-04-30,AXP,2,2,0.5436784
2025-04-30,AZO,0,2,0.5063263
2025-04-30,BA,2,2,0.5043356
2025-04-30,BAX,0,2,0.50035375
2025-04-30,BBY,0,2,0.52214134
2025-04-30,BF-B,0,2,0.46404293
2025-04-30,BG,0,2,0.47333422
2025-04-30,BKNG,2,2,0.48373994
2025-04-30,BKR,1,2,0.46730408
2025-04-30,GOOGL,2,2,0.51414585
2025-04-30,LNT,0,2,0.48240256
2025-04-30,MMM,2,2,0.5144257
2025-04-30,MO,0,2,0.470996
2025-04-30,T,0,2,0.48761293
2025-05-31,A,2,2,0.47202674
2025-05-31,AAPL,0,2,0.49529997
2025-05-31,ABBV,0,2,0.4777378
2025-05-31,ABT,0,2,0.4849313
2025-05-31,ACGL,0,2,0.46549308
2025-05-31,ACN,0,2,0.49245763
2025-05-31,ADBE,0,2,0.48133564
2025-05-31,ADI,2,2,0.49141607
2025-05-31,ADM,2,2,0.49408448
2025-05-31,ADP,0,2,0.4860165
2025-05-31,AEE,0,2,0.47955254
2025-05-31,AES,2,2,0.4923989
2025-05-31,AFL,0,2,0.4945179
2025-05-31,AIG,0,2,0.47039217
2025-05-31,AKAM,1,2,0.49193856
2025-05-31,ALB,2,2,0.47366434
2025-05-31,ALGN,2,2,0.4932515
2025-05-31,ALL,0,2,0.47381943
2025-05-31,ALLE,1,2,0.48940253
2025-05-31,AMCR,1,2,0.47292814
2025-05-31,AMD,2,2,0.5044534
2025-05-31,AME,0,2,0.4954749
2025-05-31,AMGN,0,2,0.53131
2025-05-31,AMP,1,2,0.4937097
2025-05-31,AMT,1,2,0.46824732
2025-05-31,AMZN,2,2,0.46945968
2025-05-31,AON,0,2,0.50651497
2025-05-31,AOS,1,2,0.4895943
2025-05-31,APA,2,2,0.47411662
2025-05-31,APD,0,2,0.48656046
2025-05-31,APH,2,2,0.55470514
2025-05-31,APO,2,2,0.48908517
2025-05-31,APTV,2,2,0.5198388
2025-05-31,ARE,2,2,0.51178753
2025-05-31,AVB,0,2,0.4770468
2025-05-31,AXON,0,2,0.5975974
2025-05-31,AXP,2,2,0.5049768
2025-05-31,AZO,0,2,0.49772975
2025-05-31,BA,0,2,0.55307794
2025-05-31,BAX,0,2,0.47849655
2025-05-31,BBY,2,2,0.49980667
2025-05-31,BF-B,0,2,0.49364027
2025-05-31,BG,0,2,0.49756882
2025-05-31,BKNG,1,2,0.46627364
2025-05-31,BKR,1,2,0.47605306
2025-05-31,GOOGL,0,2,0.50270396
2025-05-31,LNT,0,2,0.47318065
2025-05-31,MMM,0,2,0.49406877
2025-05-31,MO,0,2,0.45403785
2025-05-31,T,1,2,0.4536734
2025-06-30,A,0,2,0.46155098
2025-06-30,AAPL,1,2,0.49924582
2025-06-30,ABBV,1,2,0.49408868
2025-06-30,ABT,0,2,0.4674449
2025-06-30,ACGL,0,2,0.4871712
2025-06-30,ACN,0,2,0.4795381
2025-06-30,ADBE,0,2,0.47936043
2025-06-30,ADI,0,2,0.47179863
2025-06-30,ADM,2,2,0.4738142
2025-06-30,ADP,0,2,0.4836449
2025-06-30,AEE,2,2,0.46904993
2025-06-30,AES,2,2,0.46407056
2025-06-30,AFL,0,2,0.477932
2025-06-30,AIG,0,2,0.4741271
2025-06-30,AKAM,0,2,0.46547872
2025-06-30,ALB,2,2,0.48113918
2025-06-30,ALGN,2,2,0.504385
2025-06-30,ALL,0,2,0.49105126
2025-06-30,ALLE,2,2,0.47961286
2025-06-30,AMCR,2,2,0.47144896
2025-06-30,AMD,2,2,0.49458408
2025-06-30,AME,0,2,0.4702514
2025-06-30,AMGN,2,2,0.48759007
2025-06-30,AMP,0,2,0.50229317
2025-06-30,AMT,0,2,0.47957522
2025-06-30,AMZN,2,2,0.47069865
2025-06-30,AON,0,2,0.47835115
2025-06-30,AOS,2,2,0.47086617
2025-06-30,APA,2,2,0.48968598
2025-06-30,APD,1,2,0.4698333
2025-06-30,APH,2,2,0.5200335
2025-06-30,APO,1,2,0.50076663
2025-06-30,APTV,0,2,0.48887968
2025-06-30,ARE,2,2,0.48680568
2025-06-30,AVB,0,2,0.50061977
2025-06-30,AXON,0,2,0.596844
2025-06-30,AXP,0,2,0.50040215
2025-06-30,AZO,1,2,0.48236775
2025-06-30,BA,2,2,0.4920649
2025-06-30,BAX,0,2,0.47432488
2025-06-30,BBY,0,2,0.48165032
2025-06-30,BF-B,2,2,0.46826568
2025-06-30,BG,0,2,0.4861529
2025-06-30,BKNG,0,2,0.48581094
2025-06-30,BKR,2,2,0.48223272
2025-06-30,GOOGL,2,2,0.48127982
2025-06-30,LNT,2,2,0.46988592
2025-06-30,MMM,0,2,0.49631107
2025-06-30,MO,2,2,0.4835239
2025-06-30,T,0,2,0.46367645
2025-07-31,A,2,2,0.49071133
2025-07-31,AAPL,2,2,0.49613148
2025-07-31,ABBV,2,2,0.48062545
2025-07-31,ABT,2,2,0.47549087
2025-07-31,ACGL,2,2,0.48922575
2025-07-31,ACN,0,2,0.5017158
2025-07-31,ADBE,0,2,0.47498283
2025-07-31,ADI,2,2,0.47122002
2025-07-31,ADM,2,2,0.49727303
2025-07-31,ADP,0,2,0.5205567
2025-07-31,AEE,0,2,0.46816477
2025-07-31,AES,2,2,0.5491377
2025-07-31,AFL,2,2,0.49128023
2025-07-31,AIG,2,2,0.50166625
2025-07-31,AKAM,2,2,0.4866477
2025-07-31,ALB,2,2,0.4873573
2025-07-31,ALGN,2,2,0.53041565
2025-07-31,ALL,0,2,0.48910645
2025-07-31,ALLE,1,2,0.5134206
2025-07-31,AMCR,0,2,0.49149698
2025-07-31,AMD,0,2,0.46755248
2025-07-31,AME,0,2,0.46912694
2025-07-31,AMGN,0,2,0.48946238
2025-07-31,AMP,0,2,0.48269475
2025-07-31,AMT,0,2,0.47448945
2025-07-31,AMZN,0,2,0.47227174
2025-07-31,AON,2,2,0.48494938
2025-07-31,AOS,0,2,0.46894908
2025-07-31,APA,2,2,0.46960148
2025-07-31,APD,1,2,0.48117855
2025-07-31,APH,1,2,0.52026653
2025-07-31,APO,0,2,0.48076484
2025-07-31,APTV,2,2,0.49490792
2025-07-31,ARE,2,2,0.48758584
2025-07-31,AVB,2,2,0.5060341
2025-07-31,AXON,0,2,0.47980598
2025-07-31,AXP,2,2,0.48259294
2025-07-31,AZO,2,2,0.5369379
2025-07-31,BA,2,2,0.5093995
2025-07-31,BAX,2,2,0.5511055
2025-07-31,BBY,2,2,0.49584138
2025-07-31,BF-B,2,2,0.47403324
2025-07-31,BG,2,2,0.5065047
2025-07-31,BKNG,1,2,0.48778272
2025-07-31,BKR,1,2,0.50644976
2025-07-31,GOOGL,2,2,0.48215213
2025-07-31,LNT,0,2,0.4696803
2025-07-31,MMM,2,2,0.484491
2025-07-31,MO,2,2,0.4624938
2025-07-31,T,2,2,0.4751863
2025-08-31,A,0,2,0.5021401
2025-08-31,AAPL,2,2,0.50915843
2025-08-31,ABBV,2,2,0.45713982
2025-08-31,ABT,0,2,0.46532133
2025-08-31,ACGL,0,2,0.47245836
2025-08-31,ACN,0,2,0.5473509
2025-08-31,ADBE,0,2,0.5251106
2025-08-31,ADI,0,2,0.48852977
2025-08-31,ADM,0,2,0.5247717
2025-08-31,ADP,0,2,0.47979307
2025-08-31,AEE,2,2,0.5004516
2025-08-31,AES,0,2,0.45367083
2025-08-31,AFL,1,2,0.47031665
2025-08-31,AIG,0,2,0.46980184
2025-08-31,AKAM,0,2,0.48459354
2025-08-31,ALB,0,2,0.5322283
2025-08-31,ALGN,0,2,0.52910525
2025-08-31,ALL,2,2,0.48678148
2025-08-31,ALLE,1,2,0.4991873
2025-08-31,AMCR,0,2,0.49326497
2025-08-31,AMD,0,2,0.5129398
2025-08-31,AME,0,2,0.4817664
2025-08-31,AMGN,0,2,0.50342226
2025-08-31,AMP,0,2,0.52352023
2025-08-31,AMT,0,2,0.47405618
2025-08-31,AMZN,0,2,0.47435963
2025-08-31,AON,0,2,0.4883196
2025-08-31,AOS,1,2,0.49795243
2025-08-31,APA,2,2,0.5249288
2025-08-31,APD,0,2,0.46883476
2025-08-31,APH,2,2,0.5185973
2025-08-31,APO,0,2,0.4932019
2025-08-31,APTV,2,2,0.50938386
2025-08-31,ARE,1,2,0.4806589
2025-08-31,AVB,0,2,0.5022837
2025-08-31,AXON,0,2,0.47013986
2025-08-31,AXP,0,2,0.49380645
2025-08-31,AZO,0,2,0.48543483
2025-08-31,BA,0,2,0.49803802
2025-08-31,BAX,0,2,0.48775792
2025-08-31,BBY,1,2,0.4770484
2025-08-31,BF-B,0,2,0.49450734
2025-08-31,BG,0,2,0.4706327
2025-08-31,BKNG,0,2,0.48677567
2025-08-31,BKR,2,2,0.46714953
2025-08-31,GOOGL,2,2,0.47670293
2025-08-31,LNT,1,2,0.50306654
2025-08-31,MMM,0,2,0.47054183
2025-08-31,MO,0,2,0.49278048
2025-08-31,T,0,2,0.45674446
2025-09-30,A,2,2,0.49435097
2025-09-30,AAPL,2,2,0.4774467
2025-09-30,ABBV,0,2,0.48391804
2025-09-30,ABT,0,2,0.4868523
2025-09-30,ACGL,0,2,0.47345996
2025-09-30,ACN,0,2,0.5246439
2025-09-30,ADBE,0,2,0.47723693
2025-09-30,ADI,0,2,0.49077034
2025-09-30,ADM,0,2,0.47252044
2025-09-30,ADP,0,2,0.4937719
2025-09-30,AEE,0,2,0.482396
2025-09-30,AES,2,2,0.45815933
2025-09-30,AFL,0,2,0.4661776
2025-09-30,AIG,0,2,0.47548148
2025-09-30,AKAM,0,2,0.49388418
2025-09-30,ALB,2,2,0.49194098
2025-09-30,ALGN,2,2,0.47340107
2025-09-30,ALL,0,2,0.504653
2025-09-30,ALLE,0,2,0.5223885
2025-09-30,AMCR,0,2,0.47289154
2025-09-30,AMD,2,2,0.5049689
2025-09-30,AME,0,2,0.48950568
2025-09-30,AMGN,1,2,0.47329012
2025-09-30,AMP,0,2,0.5147891
2025-09-30,AMT,0,2,0.49317658
2025-09-30,AMZN,2,2,0.48718977
2025-09-30,AON,0,2,0.4904123
2025-09-30,AOS,0,2,0.47591
2025-09-30,APA,0,2,0.47608927
2025-09-30,APD,0,2,0.48395103
2025-09-30,APH,2,2,0.60110664
2025-09-30,APO,0,2,0.4953976
2025-09-30,APTV,0,2,0.52418727
2025-09-30,ARE,0,2,0.48662156
2025-09-30,AVB,0,2,0.47870734
2025-09-30,AXON,2,2,0.48320204
2025-09-30,AXP,2,2,0.48990265
2025-09-30,AZO,0,2,0.47225735
2025-09-30,BA,0,2,0.47173932
2025-09-30,BAX,0,2,0.48541695
2025-09-30,BBY,2,2,0.46817172
2025-09-30,BF-B,0,2,0.47806954
2025-09-30,BG,2,2,0.4814728
2025-09-30,BKNG,0,2,0.49341252
2025-09-30,BKR,0,2,0.45776522
2025-09-30,GOOGL,2,2,0.5583317
2025-09-30,LNT,0,2,0.47235766
2025-09-30,MMM,2,2,0.49725315
2025-09-30,MO,0,2,0.46980843
2025-09-30,T,0,2,0.49178252
2025-10-31,A,2,2,0.48518634
2025-10-31,AAPL,2,2,0.4946734
2025-10-31,ABBV,2,2,0.48095524
2025-10-31,ABT,2,2,0.4993105
2025-10-31,ACGL,2,2,0.49491626
2025-10-31,ACN,2,2,0.50112563
2025-10-31,ADBE,0,2,0.491325
2025-10-31,ADI,2,2,0.48865578
2025-10-31,ADM,1,2,0.46693417
2025-10-31,ADP,0,2,0.5404108
2025-10-31,AEE,1,2,0.49066472
2025-10-31,AES,1,2,0.48567292
2025-10-31,AFL,2,2,0.49370152
2025-10-31,AIG,0,2,0.49968252
2025-10-31,AKAM,2,2,0.47941545
2025-10-31,ALB,2,2,0.5292389
2025-10-31,ALGN,2,2,0.5018017
2025-10-31,ALL,2,2,0.48053092
2025-10-31,ALLE,1,2,0.46343008
2025-10-31,AMCR,2,2,0.46804303
2025-10-31,AMD,0,2,0.56196797
2025-10-31,AME,0,2,0.4868983
2025-10-31,AMGN,2,2,0.48478773
2025-10-31,AMP,2,2,0.49600568
2025-10-31,AMT,0,2,0.49875945
2025-10-31,AMZN,0,2,0.4790884
2025-10-31,AON,2,2,0.48513398
2025-10-31,AOS,1,2,0.47792062
2025-10-31,APA,2,2,0.4666616
2025-10-31,APD,2,2,0.5504
2025-10-31,APH,2,2,0.53751564
2025-10-31,APO,2,2,0.49323323
2025-10-31,APTV,0,2,0.46610567
2025-10-31,ARE,0,2,0.5414971
2025-10-31,AVB,2,2,0.54727465
2025-10-31,AXON,0,2,0.53113145
2025-10-31,AXP,1,2,0.46826407
2025-10-31,AZO,2,2,0.5323404
2025-10-31,BA,2,2,0.47755864
2025-10-31,BAX,2,2,0.5474525
2025-10-31,BBY,0,2,0.45408267
2025-10-31,BF-B,2,2,0.4926847
2025-10-31,BG,2,2,0.4999243
2025-10-31,BKNG,2,2,0.46716052
2025-10-31,BKR,2,2,0.45990613
2025-10-31,GOOGL,2,2,0.4864129
2025-10-31,LNT,1,2,0.49377
2025-10-31,MMM,2,2,0.4997542
2025-10-31,MO,2,2,0.5383232
2025-10-31,T,2,2,0.46528652
